<?xml version="1.0"?>
<Locations>
  <Project>
    <vfs_file>C:\Users\George\Desktop\Roger Williams University\Classes\Classes 2022\Spring\COMSC.390.01 Principles of Secure Programming\Bridges\Assignments\Assignment 3 Homework Set 02\default.gpr</vfs_file>
    <file_marker column=" 1" line=" 1" >
      <vfs_project />
      <vfs_file>C:\Users\George\Desktop\Roger</vfs_file>
    </file_marker>
    <file_marker column=" 1" line=" 1" >
      <vfs_project />
      <vfs_file>C:\Users\George\Desktop\Roger Williams University\Classes\Classes 2022\Spring\COMSC.390.01 Principles of Secure Programming\Bridges\Assignments\Assignment 3 Homework Set 02\Williams</vfs_file>
    </file_marker>
    <file_marker column=" 1" line=" 1" >
      <vfs_project />
      <vfs_file>C:\Users\George\Desktop\Roger Williams University\Classes\Classes 2022\Spring\COMSC.390.01 Principles of Secure Programming\Bridges\Assignments\Assignment 3 Homework Set 02\University\Classes\Classes</vfs_file>
    </file_marker>
    <file_marker column=" 1" line=" 1" >
      <vfs_project />
      <vfs_file>C:\Users\George\Desktop\Roger Williams University\Classes\Classes 2022\Spring\COMSC.390.01 Principles of Secure Programming\Bridges\Assignments\Assignment 3 Homework Set 02\2022\Spring\COMSC.390.01</vfs_file>
    </file_marker>
    <file_marker column=" 1" line=" 1" >
      <vfs_project />
      <vfs_file>C:\Users\George\Desktop\Roger Williams University\Classes\Classes 2022\Spring\COMSC.390.01 Principles of Secure Programming\Bridges\Assignments\Assignment 3 Homework Set 02\Williams</vfs_file>
    </file_marker>
    <file_marker column=" 1" line=" 1" >
      <vfs_project />
      <vfs_file>C:\Users\George\Desktop\Roger Williams University\Classes\Classes 2022\Spring\COMSC.390.01 Principles of Secure Programming\Bridges\Assignments\Assignment 3 Homework Set 02\Principles</vfs_file>
    </file_marker>
    <file_marker column=" 1" line=" 1" >
      <vfs_project />
      <vfs_file>C:\Users\George\Desktop\Roger Williams University\Classes\Classes 2022\Spring\COMSC.390.01 Principles of Secure Programming\Bridges\Assignments\Assignment 3 Homework Set 02\of</vfs_file>
    </file_marker>
    <file_marker column=" 1" line=" 1" >
      <vfs_project />
      <vfs_file>C:\Users\George\Desktop\Roger Williams University\Classes\Classes 2022\Spring\COMSC.390.01 Principles of Secure Programming\Bridges\Assignments\Assignment 3 Homework Set 02\Secure</vfs_file>
    </file_marker>
    <file_marker column=" 1" line=" 1" >
      <vfs_project />
      <vfs_file>C:\Users\George\Desktop\Roger Williams University\Classes\Classes 2022\Spring\COMSC.390.01 Principles of Secure Programming\Bridges\Assignments\Assignment 3 Homework Set 02\Programming\Bridges\Assignments\Assignment</vfs_file>
    </file_marker>
    <file_marker column=" 1" line=" 1" >
      <vfs_project />
      <vfs_file>C:\Users\George\Desktop\Roger Williams University\Classes\Classes 2022\Spring\COMSC.390.01 Principles of Secure Programming\Bridges\Assignments\Assignment 3 Homework Set 02\Secure</vfs_file>
    </file_marker>
    <file_marker column=" 1" line=" 1" >
      <vfs_project />
      <vfs_file>C:\Users\George\Desktop\Roger Williams University\Classes\Classes 2022\Spring\COMSC.390.01 Principles of Secure Programming\Bridges\Assignments\Assignment 3 Homework Set 02\3</vfs_file>
    </file_marker>
    <file_marker column=" 1" line=" 1" >
      <vfs_project />
      <vfs_file>C:\Users\George\Desktop\Roger Williams University\Classes\Classes 2022\Spring\COMSC.390.01 Principles of Secure Programming\Bridges\Assignments\Assignment 3 Homework Set 02\Homework</vfs_file>
    </file_marker>
    <file_marker column=" 1" line=" 1" >
      <vfs_project />
      <vfs_file>C:\Users\George\Desktop\Roger Williams University\Classes\Classes 2022\Spring\COMSC.390.01 Principles of Secure Programming\Bridges\Assignments\Assignment 3 Homework Set 02\Set</vfs_file>
    </file_marker>
    <file_marker column=" 1" line=" 1" >
      <vfs_project />
      <vfs_file>C:\Users\George\Desktop\Roger Williams University\Classes\Classes 2022\Spring\COMSC.390.01 Principles of Secure Programming\Bridges\Assignments\Assignment 3 Homework Set 02\02\main.adb</vfs_file>
    </file_marker>
    <file_marker column=" 1" line=" 1" >
      <vfs_project />
      <vfs_file>C:\Users\George\Desktop\Roger Williams University\Classes\Classes 2022\Spring\COMSC.390.01 Principles of Secure Programming\Bridges\Assignments\Assignment 3 Homework Set 02\Set</vfs_file>
    </file_marker>
    <file_marker current="true" column=" 1" line=" 1" >
      <vfs_project>C:\Users\George\Desktop\Roger Williams University\Classes\Classes 2022\Spring\COMSC.390.01 Principles of Secure Programming\Bridges\Assignments\Assignment 3 Homework Set 02\default.gpr</vfs_project>
      <vfs_file>C:\Users\George\Desktop\Roger Williams University\Classes\Classes 2022\Spring\COMSC.390.01 Principles of Secure Programming\Bridges\Assignments\Assignment 3 Homework Set 02\main.adb</vfs_file>
    </file_marker>
  </Project>
</Locations>
